Lat,Long,City,Country,Temperature (F),Max Temp (F),Humidity (%),Cloudiness (%),Wind Speed (mph)
52.14606234796551,14.819761511092508,eisenhuttenstadt,de,,,,,
-22.97,-42.03,arraial do cabo,br,71.6,71.6,88,92,10.29
-15.82,-50.61,itapirapua,br,69.31,69.31,74,14,3.18
38.32,26.76,urla,tr,56.91,59,87,25,4.7
-6.1,-39.45,acopiara,br,71.83,71.83,93,52,2.08
17.05032610949381,32.587596525296306,umm durman,sd,,,,,
42.6,-73.97,albany,au,40.46,42.01,57,100,1.01
43.24469875445217,-59.52215111590424,louisbourg,ca,,,,,
69.49,88.4,talnakh,ru,33.8,33.8,69,0,6.71
-24.87,113.63,carnarvon,au,75.7,75.7,30,67,14.09
56.67,124.65,neryungri,ru,37.94,37.94,72,100,10.67
-28.78,32.04,richards bay,za,65.59,65.59,90,39,6.69
43.77,11.25,florence,us,57.76,60.01,93,40,3.36
5.41,100.34,georgetown,sh,81.54,84.2,88,20,2.24
-34.42,19.23,hermanus,za,59.99,59.99,71,91,10.4
59.7,30.79,nikolskoye,ru,32.45,33.8,86,100,6.71
62.46,-114.35,yellowknife,ca,34.39,35.01,59,20,20.8
-0.6,73.08,hithadhoo,mv,84.06,84.06,76,100,9.86
3.07,172.79,butaritari,ki,83.79,83.79,78,0,20.18
47.67,-52.73,torbay,ca,43.79,44.6,100,90,21.92
-33.59,26.89,port alfred,za,62.01,62.01,94,84,1.99
42.1,-79.24,jamestown,sh,40.91,44.01,60,1,5.82
-33.93,18.42,cape town,za,56.55,60.01,82,75,2.24
71.92,114.08,saskylakh,ru,26.67,26.67,97,100,11.18
22.89,-109.91,cabo san lucas,mx,79.7,80.6,36,5,11.41
-33.02,27.91,east london,za,66.51,66.51,74,100,22.62
19.73,-155.09,hilo,us,77.47,84.2,54,75,12.75
-17.73,-149.15,tautira,pf,87.8,87.8,62,100,10.29
65.61,-37.64,tasiilaq,gl,32,32,94,0,11.41
22.68,-3.98,taoudenni,ml,88.97,88.97,14,0,12.08
67.68,53.15,iskateley,ru,35.55,35.55,95,36,8.93
28.18,68.04,usta muhammad,pk,83.79,83.79,51,0,2.8
-21.2,-175.2,vaini,to,80.6,80.6,74,75,8.05
63.83,20.26,umea,se,24.8,24.8,92,0,3.36
-12.12,-73.0,pangoa,pe,70.45,70.45,94,75,1.99
18.22,42.51,abha,sa,67.82,69.8,55,0,2.64
53.6,91.39,belyy yar,ru,60.8,60.8,63,0,4.27
-33.92,25.57,port elizabeth,za,60.8,60.8,93,75,9.17
35.04,46.36,paveh,ir,46.96,46.96,51,0,3.36
11.05,14.14,mora,cm,83.71,83.71,49,0,4.97
-26.82,-65.22,tucuman,ar,53.6,53.6,76,0,8.05
45.52,-122.68,portland,au,57.51,60.01,76,99,12.75
-3.48,23.43,lodja,cd,69.93,69.93,97,88,1.39
-9.8,-139.03,atuona,pf,80.56,80.56,73,18,18.84
72.79,-56.15,upernavik,gl,36.28,36.28,81,96,10.92
76.57621247078035,56.80837736035079,belushya guba,ru,,,,,
34.69,135.8,nara,ml,72.66,73.4,49,20,16.11
62.14,117.63,suntar,ru,39.87,39.87,63,94,7.11
-10.62,150.67,samarai,pg,80.78,80.78,72,42,6.26
44.25,-116.97,weiser,us,62.08,64.4,34,75,25.28
-53.15,-70.92,punta arenas,cl,41,41,65,57,11.41
-2.57,150.8,kavieng,pg,80.53,80.53,81,100,7.49
2.052326007905407,172.3322345141815,taburao,ki,,,,,
-8.93,125.41,airai,pw,71.24,71.24,67,99,5.03
-17.51,-149.49,mahina,pf,87.8,87.8,62,100,10.29
54.77,-101.86,flin flon,ca,46.15,46.15,47,0,6.33
55.74,-97.86,thompson,ca,50,50,23,20,10.29
25.7,100.18,dali,cn,68.54,68.54,49,54,6.89
22.29,114.16,victoria,sc,80.98,84.99,82,35,7
-38.0,-57.56,mar del plata,ar,51.94,53.01,81,100,9.17
-46.6,168.33,bluff,nz,50.68,50.68,60,0,4.85
-25.24,130.99,yulara,au,64.4,64.4,20,0,12.75
-9.43,159.95,honiara,sb,87.8,87.8,70,75,6.93
70.47,-68.59,clyde river,ca,19.4,19.4,92,90,17.22
40.6,-124.16,fortuna,us,57.72,59,76,90,10.29
-33.65,115.33,busselton,au,59.97,64,49,100,7.63
-13.13,39.0,montepuez,mz,64.2,64.2,96,4,3.8
10.57,72.64,kavaratti,in,86.18,86.18,75,100,10.49
-26.65,15.16,luderitz,na,53.6,53.6,93,75,4.7
67.47,78.7,tazovskiy,ru,32.88,32.88,97,100,12.57
-33.01,17.94,saldanha,za,50,50,81,71,1.12
6.671086254589454,-173.4532193824781,vaitupu,wf,,,,,
-20.33,-40.29,vila velha,br,69.06,70,94,100,4.7
-55.33016709644487,55.80931148565537,taolanaro,mg,,,,,
54.15,-115.69,whitecourt,ca,51.8,51.8,37,40,10.29
25.72,-79.3,alice town,bs,76.44,76.44,70,100,22.57
-18.06,13.84,opuwo,na,64.27,64.27,50,58,0.96
28.66,-17.92,los llanos de aridane,es,68,68,64,40,3.36
-25.01,-47.93,cananeia,br,69.3,69.3,77,80,3.76
-34.68,150.87,kiama,au,62.44,64,52,100,5.99
-42.78,147.06,new norfolk,au,47.8,52,77,59,3
36.62,-121.92,pacific grove,us,61.09,62.01,84,0,3
70.86,29.09,berlevag,no,28.99,28.99,90,0,18.12
-19.58,-65.75,potosi,bo,39.02,39.02,61,71,5.08
22.08,-159.32,kapaa,us,77.77,78.8,74,75,14.99
-37.62,-73.65,lebu,cl,51.51,51.51,83,24,7.76
-54.8,-68.3,ushuaia,ar,41,41,65,75,35.57
-0.93,-79.22,la mana,ec,55.4,55.4,71,75,10.29
54.81,105.16,zhigalovo,ru,45.45,45.45,74,100,13.56
78.22,15.64,longyearbyen,sj,26.6,26.6,79,90,32.21
18.42,-64.62,road town,vg,81.43,82.4,74,1,9.17
-34.05,23.37,plettenberg bay,za,59.47,59.47,80,55,13.06
-9.09,-78.58,chimbote,pe,68.22,68.22,85,15,7.49
27.91,-15.45,aguimes,es,68.54,69.8,60,20,12.75
-3.8,102.27,bengkulu,id,83.66,83.66,71,34,2.8
27.6,-110.38,potam,mx,85.3,86,27,5,10.29
39.72,45.65,saravan,la,46.4,46.4,75,0,11.41
-42.88,147.33,hobart,au,50.25,52,53,40,20.8
-45.42,167.72,te anau,nz,54.66,54.66,49,0,2.68
32.67,-17.1,ponta do sol,cv,58.98,62.6,67,20,4.7
41.3,-82.98,clyde,nz,52.03,53.01,39,27,1.99
15.17,44.32,sayyan,ye,62.1,62.1,40,0,7.47
43.44,-3.46,santona,es,55.13,55.99,87,90,1.05
-21.54,-64.73,tarija,bo,55.87,55.87,72,34,1.1
25.02,37.27,umm lajj,sa,78.91,78.91,40,50,6.08
-30.18,-50.21,cidreira,br,66.38,66.38,94,100,10.92
13.47,22.2,adre,td,79.52,79.52,18,100,11.68
-0.74,-90.35,puerto ayora,ec,75.99,75.99,94,72,9.53
-34.53,20.04,bredasdorp,za,57.2,57.2,76,57,9.17
65.58,-171.0,lavrentiya,ru,33.08,33.08,95,98,1.61
43.4,5.37,septemes-les-vallons,fr,58.37,60.8,82,100,11.41
46.62,10.7,lasa,cn,46.4,46.4,100,75,8.05
26.59,12.78,awbari,ly,81.16,81.16,14,0,8.43
15.089246828131138,-62.11027769014973,coulihaut,dm,,,,,
51.32,42.77,kamenka,ru,53.51,54,91,100,3
-46.19,168.86,mataura,pf,54.19,54.19,49,0,1.99
51.23,-58.65,saint-augustin,ca,35.65,35.65,95,100,25.32
71.29,-156.79,barrow,us,24.8,24.8,79,1,33.33
71.97,102.5,khatanga,ru,19.31,19.31,97,79,7.43
-13.61,-42.94,riacho de santana,br,71.6,71.6,88,7,5.82
-3.2,-59.81,careiro da varzea,br,80.6,80.6,88,100,2.24
6.33,99.84,kuah,my,86,86,79,20,6.93
38.52,-28.7,ribeira grande,pt,57.6,57.6,70,45,25.59
24.09,32.91,aswan,eg,80.22,80.22,20,16,7.52
47.65,53.35,makat,kz,60.87,60.87,75,0,7.18
-0.31,32.23,kalangala,ug,71.6,71.6,94,20,7.92
-37.83,140.77,mount gambier,au,51.8,51.8,76,75,9.17
-2.65,10.0,gamba,ga,76.62,76.62,92,100,3.38
40.66,-73.58,freeport,us,53.11,55,25,40,3.36
48.01,91.64,hovd,mn,60.69,60.69,33,100,9.4
55.1,-105.28,la ronge,ca,55.4,55.4,20,20,6.93
-21.21,-159.78,avarua,ck,80.6,80.6,94,0,4.7
15.74,-96.47,pochutla,mx,83.75,83.75,67,28,3.76
69.22,-51.1,ilulissat,gl,39.2,39.2,69,100,5.82
-7.73,114.1,panji,id,86.76,86.76,58,14,1.52
57.05,-135.33,sitka,us,60.8,60.8,59,1,3.36
-20.01,57.66,grand gaube,mu,73.4,73.4,69,20,8.05
-20.52,57.52,souillac,mu,73.4,73.4,69,20,8.05
33.73,135.98,shingu,jp,71.6,71.6,46,20,19.46
-41.87,-73.82,ancud,cl,49.06,50,87,90,3.36
64.38,-173.3,provideniya,ru,35.6,35.6,77,75,6.71
-0.95,100.35,padang,id,84.79,84.79,64,100,1.39
66.15,-65.71,pangnirtung,ca,31.93,31.93,95,100,5.59
69.7,170.31,pevek,ru,33.71,33.71,91,85,4.92
65.28,-126.83,norman wells,ca,41,41,65,75,11.41
12.082473015544792,-69.5878582196215,westpunt,an,,,,,
49.21,-84.77,hornepayne,ca,29.73,29.73,89,0,7.72
11.67,92.75,port blair,in,85.46,85.46,73,9,10.92
-14.44,-67.53,rurrenabaque,bo,73.36,73.36,90,41,1.25
16.86,-99.89,acapulco,mx,82.4,82.4,69,5,10.29
29.03,21.55,jalu,ly,76.41,76.41,16,0,6.64
-21.69,165.68,moindou,nc,75.2,75.2,53,40,11.41
-3.33,128.92,amahai,id,85.1,85.1,71,65,1.12
69.35,88.2,norilsk,ru,33.8,33.8,69,0,6.71
0.49,42.79,jilib,so,74.37,74.37,96,95,4.7
-45.87,-67.5,comodoro rivadavia,ar,41,41,65,0,10.29
-5.81,-61.3,manicore,br,77,77,94,8,1.12
63.01,112.47,chernyshevskiy,ru,31.46,31.46,90,100,9.8
71.69,128.87,tiksi,ru,30.94,30.94,98,99,6.17
-22.45,18.97,gobabis,na,48.2,48.2,76,14,4.7
38.5,102.17,jinchang,cn,65.25,65.25,25,100,2.53
-23.12,-134.97,rikitea,pf,75.54,75.54,68,0,6.46
77.1850139522123,-17.75302271214781,illoqqortoormiut,gl,,,,,
17.08,122.42,dicabisagan,ph,87.69,87.69,61,36,3.51
-29.95,-71.34,coquimbo,cl,51.8,51.8,81,30,2.24
-12.087394329159096,135.37313367758924,galiwinku,au,,,,,
26.53,-100.5,bustamante,mx,82.31,82.31,57,1,5.44
59.57,7.99,amot,no,28,28,76,0,5.99
-41.07,145.92,burnie,au,53.47,54,61,3,11.01
41.37,-73.41,bethel,us,47.44,48.2,29,90,3.36
39.05,-27.98,lagoa,pt,57.29,57.29,70,14,28.99
-24.13,19.12,aranos,na,57.79,57.79,36,56,4.27
60.82,-115.8,hay river,ca,41,41,76,75,12.75
28.68,-17.76,santa cruz de la palma,es,68,68,64,40,3.36
-25.17,45.05,beloha,mg,63.03,63.03,85,0,3.27
33.08,-16.33,camacha,pt,64.4,64.4,72,40,20.8
77.48,-69.36,qaanaaq,gl,29.19,29.19,87,100,5.61
38.42,77.24,shache,cn,74.97,74.97,24,30,4.65
42.33,-83.33,garden city,us,51.96,53.01,25,20,9.17
-13.65222689212861,-169.01673920424167,samusu,ws,,,,,
63.5,53.41,vodnyy,ru,52.27,52.27,85,20,6.51
-9.02,-42.7,sao raimundo nonato,br,75.06,75.06,77,66,4.18
-24.79,-50.01,castro,cl,58.48,58.48,93,66,5.03
-16.84,36.99,mocuba,mz,60.15,60.15,97,1,3.27
-29.65,-50.78,taquara,br,63.18,66.99,86,100,2.98
-20.41,57.7,mahebourg,mu,73.4,73.4,69,20,8.05
34.64,-120.46,lompoc,us,59.25,63,72,1,14.99
-2.67,141.3,vanimo,pg,87.26,87.26,61,92,2.86
-28.87,153.57,ballina,au,69.08,69.8,64,81,5.82
-46.28,169.85,kaitangata,nz,52,52,70,0,3
-17.71,-39.25,caravelas,br,73.08,73.08,84,5,4.56
17.02,54.09,salalah,om,82.4,82.4,88,0,2.24
70.03,20.97,skjervoy,no,33.22,33.22,88,99,17.74
43.78,7.66,bordighera,it,59.23,60.8,82,20,6.93
21.55,-77.26,nuevitas,cu,78.8,78.8,83,37,10.29
33.91,-98.49,wichita falls,us,64.29,66.2,77,1,16.11
63.75,-68.51,iqaluit,ca,26.29,26.6,86,75,19.46
69.45,-133.04,tuktoyaktuk,ca,19.4,19.4,79,40,17.22
37.46,-122.43,half moon bay,us,59.94,63,87,90,4.7
62.16,-7.17,vestmanna,fo,33.8,33.8,69,99,6.93
41.474704129170675,149.48478136675703,sentyabrskiy,ru,,,,,
-20.73,139.5,mount isa,au,69.8,69.8,31,100,5.82
9.260787686680999,111.22628869884,phan rang,vn,,,,,
-12.52,-76.74,chilca,pe,69.8,69.8,73,75,8.05
55.07,51.23,novosheshminsk,ru,53.13,53.13,77,6,11.34
-16.5,-68.15,la paz,mx,42.8,42.8,15,0,9.17
14.710149385896614,92.04057250821387,labutta,mm,,,,,
-28.77,114.6,geraldton,ca,73.4,73.4,25,100,19.46
43.65,51.2,aktau,kz,50,50,100,38,8.95
10.02,105.08,rach gia,vn,87.8,87.8,74,40,6.93
46.520480733154784,84.72388314159929,karamay,cn,,,,,
-33.18,138.02,port pirie,au,59,59,72,0,10.29
26.18,127.76,nishihara,jp,77,77,65,76,6.93
34.98,139.87,tateyama,jp,75.76,78.01,69,0,17.22
-42.121636588081095,48.37619110197511,tsihombe,mg,,,,,
-22.221352326243107,-80.59814104816698,marcona,pe,,,,,
11.28,-15.83,bubaque,gw,78.51,78.51,77,100,12.12
35.93,-89.92,blytheville,us,53.91,55,81,90,9.17
-0.36,42.55,kismayo,so,79.29,79.29,86,80,12.62
-6.22,155.63,kieta,pg,82.04,82.04,80,100,5.86
38.21,37.2,elbistan,tr,59.29,59.29,66,98,0.27
-19.12,33.48,chimoio,mz,60.8,60.8,77,0,3.53
1.86,9.77,bata,gq,78.35,78.35,86,100,7.36
37.81,-0.84,san javier,cl,60.48,63,77,0,4.7
64.25,-15.21,hofn,is,41.56,41.56,73,0,6.11
62.86,42.71,bereznik,ru,37.35,37.35,96,100,6.4
41.25,31.83,zonguldak,tr,56.39,56.39,66,0,5.93
68.22,-135.01,aklavik,ca,28.4,28.4,74,20,13.87
-6.84,-79.93,pimentel,pe,68.92,68.92,84,2,14.85
-2.92,-39.92,itarema,br,77.22,77.22,83,0,8.1
73.51,80.55,dikson,ru,22.41,22.41,94,0,5.88
32.81,-98.11,mineral wells,us,73.36,75,78,1,11.41
-21.36,55.77,saint-philippe,re,61.86,69.8,60,20,8.05
-22.09,-70.2,tocopilla,cl,61.9,61.9,62,5,5.39
72.88065432672403,59.48857695485853,amderma,ru,,,,,
-20.94,55.29,le port,re,62.1,71.6,64,90,13.87
50.68,156.12,severo-kurilsk,ru,44.51,44.51,64,88,7.74
27.15,57.08,minab,ir,77,77,78,40,4.7
43.74,135.29,olga,ru,58.03,58.03,40,48,8.39
17.42,121.44,tabuk,sa,88.02,88.02,60,59,3.15
31.22,121.46,shanghai,cn,74.62,75.2,29,6,13.42
25.99,-80.23,miramar,mx,77.34,78.8,57,40,12.75
-13.7,-76.22,pisco,pe,66.2,66.2,82,97,12.75
55.34,-131.65,ketchikan,us,61.23,66.2,37,1,13.87
-9.77,37.93,liwale,tz,66.4,66.4,90,98,2.21
47.47,84.87,zaysan,kz,71.4,71.4,37,34,6.6
37.03,137.85,itoigawa,jp,69.01,69.01,63,5,20.09
81.95858464285791,134.1813284324856,nizhneyansk,ru,,,,,
-0.15,31.87,lukaya,ug,71.6,71.6,94,20,2.57
-33.87,121.9,esperance,au,55.4,55.4,87,80,14.99
68.75,161.3,cherskiy,ru,45.16,45.16,56,0,5.5
23.12,113.25,canton,us,86.61,88,99,60,6.46
5.16,-52.65,kourou,gf,77,77,100,75,3.36
33.6,73.07,arya,ru,74.39,75,69,40,13.87
16.45,-85.85,savannah bight,hn,83.1,83.1,79,0,11.54
18.8,110.4,wanning,cn,85.8,85.8,70,11,8.57
-29.47,149.85,moree,au,68,68,52,100,9.08
-0.91,122.88,biak,id,85.3,85.3,66,78,5.75
32.79,119.43,gaoyou,cn,80.62,81,40,0,3
61.01,36.45,vytegra,ru,32.18,32.18,98,100,16.64
60.72,-135.05,whitehorse,ca,71.22,71.6,14,20,6.93
38.78,63.88,sayat,tm,60.8,60.8,93,90,18.34
9.35,42.8,jijiga,et,64.78,64.78,74,0,0.76
-8.27,-72.74,porto walter,br,74.46,74.46,92,8,1.9
-16.12,23.27,senanga,zm,56.23,56.23,47,0,2.53
43.3,52.8,zhanaozen,kz,53.28,53.28,75,0,7.94
69.38,178.42,leningradskiy,ru,31.8,31.8,98,100,9.22
47.02,-113.8,missoula,us,51.08,53.01,76,90,12.75
-33.48,150.15,lithgow,au,55.72,57.99,76,100,7.4
-33.03,137.58,whyalla,au,59,59,72,14,10.29
69.41,86.18,dudinka,ru,33.8,33.8,69,21,6.71
-27.463287785794236,81.02931807813525,grand river south east,mu,,,,,
-19.55,169.27,isangel,vu,78.8,78.8,57,75,6.93
57.8,158.67,tigil,ru,44.33,44.33,61,46,4.61
24.56,-81.78,key west,us,76.84,78.8,69,1,16.11
46.49,135.88,vostok,ru,47.39,47.39,54,78,11.92
26.57,76.33,lalsot,in,82.4,82.4,54,40,8.05
16.52,-98.75,tecoanapa,mx,81.01,81.01,74,6,5.79
64.7,43.39,pinega,ru,32.85,32.85,96,100,12.1
63.73,8.83,sistranda,no,33.8,33.8,86,75,17.22
53.05,158.65,petropavlovsk-kamchatskiy,ru,57.2,57.2,28,0,11.18
-23.86,35.38,inhambane,mz,65.59,65.59,74,0,0.81
-0.9,-89.6,puerto baquerizo moreno,ec,75.18,75.18,89,11,9.71
-32.25,148.62,dubbo,au,60.8,60.8,51,90,3.56
3.31653704195746,177.08599078519177,rawannawi,ki,,,,,
41.28,-70.1,nantucket,us,50.7,51.8,37,1,16.11
18.39,42.45,faya,td,67.91,69.8,55,0,2.57
49.68,-83.67,hearst,ca,28.63,28.63,89,5,2.26
37.72,-25.43,vila franca do campo,pt,57.2,57.2,76,20,4.7
-15.11007960128957,100.7472669658452,palabuhanratu,id,,,,,
67.67,53.09,naryan-mar,ru,38.75,38.75,94,28,7.49
-20.34,57.76,bambous virieux,mu,73.4,73.4,69,20,8.05
32.88,13.19,tripoli,ly,75.67,75.67,37,9,17.36
62.23,-6.59,klaksvik,fo,33.8,33.8,69,99,6.93
38.73,-27.07,praia da vitoria,pt,57.2,57.2,82,40,27.56
11.0,122.67,dingle,ie,90.54,90.54,55,27,5.14
37.94,22.96,corinth,us,60.01,60.01,47,31,1.99
-25.05,33.64,xai-xai,mz,61.02,61.02,82,0,5.57
30.22,-90.9,ascension,mx,71.92,73,80,93,7.25
50.27,85.61,ust-koksa,ru,60.55,60.55,52,0,1.57
49.19231362213216,74.41599367961524,karkaralinsk,kz,,,,,
38.61,-122.87,healdsburg,us,60.69,63,63,75,13.87
35.73,140.83,hasaki,jp,76.53,78.01,53,20,10.29
46.67,17.64,lengyeltoti,hu,41,41,100,52,4.05
32.39,-94.88,kilgore,us,72.72,73.4,73,1,6.93
74.7665154391332,12.415544299487152,barentsburg,sj,,,,,
4.88,-1.76,takoradi,gh,79.77,79.77,86,9,6.15
12.22,4.38,jega,ng,90.99,90.99,40,92,7.07
37.1,-113.58,saint george,bm,81.5,82.99,11,1,24.16
28.17,94.77,along,in,72.61,72.61,76,100,0.38
57.30946511450972,-5.25337883724481,kyle of lochalsh,gb,,,,,
70.63,147.92,chokurdakh,ru,33.03,33.03,100,100,6.91
-33.7,-53.46,chuy,uy,55.74,55.74,85,28,7.07
26.63,92.8,tezpur,in,81.82,81.82,62,0,9.82
-16.52,-151.75,vaitape,pf,82.54,82.54,72,100,11.3
57.79,-152.41,kodiak,us,51.8,51.8,66,90,5.82
-35.93,173.88,dargaville,nz,65.46,65.46,63,100,12.06
-31.43,152.92,port macquarie,au,67.48,68,67,94,1.99
59.7,150.17,arman,ru,39.07,39.07,78,97,2.24
62.67,135.6,khandyga,ru,44.67,44.67,69,100,7.63
-11.320825512422374,128.89128140464328,nguiu,au,,,,,
14.9,-24.5,sao filipe,cv,72.91,72.91,76,22,10.45
-45.58,-72.07,coihaique,cl,35.6,35.6,100,20,8.05
60.05,69.9,gornopravdinsk,ru,72.03,72.03,56,5,3.31
61.37546009331527,146.61621918057676,kadykchan,ru,,,,,
-10.0,38.98,mbekenyera,tz,71.29,71.29,87,95,0.63
-8.84,13.23,luanda,ao,80.6,80.6,83,75,2.98
2.82,-60.67,boa vista,br,82.4,82.4,69,40,4.7
39.18,-84.53,hamilton,bm,51.01,54,57,20,2.53
-11.06645123598831,44.79146503089902,mutsamudu,km,,,,,
27.51,-99.51,laredo,us,87.8,87.8,55,1,11.41
6.5,2.6,porto novo,cv,84.2,84.2,79,20,5.82
13.77,109.23,qui nhon,vn,85.24,85.24,66,77,2.37
31.61,34.76,gat,ly,66.65,72,72,34,3.36
-20.44,-53.76,ribas do rio pardo,br,70.52,70.52,82,30,5.7
20.18,94.88,minbu,mm,90.36,90.36,39,100,5.32
62.1,126.7,berdigestyakh,ru,41.76,41.76,62,82,3.29
62.22,49.99,aykino,ru,51.58,51.58,87,1,5.75
63.05,179.32,beringovskiy,ru,34.77,34.77,90,42,9.44
42.8,93.45,hami,cn,78.8,78.8,14,100,6.91
25.52,90.22,tura,ru,85.17,85.17,38,1,6.49
30.16,-95.49,the woodlands,us,71.71,77,83,75,3.36
60.4,-1.35,brae,gb,37.4,37.4,77,35,14.99
40.42,36.58,tokat,tr,51.64,51.64,63,0,1.97
52.87,123.32,changying,cn,53.46,53.46,35,100,6.93
-27.61,-48.5,florianopolis,br,71.53,73,88,100,4.7
60.14,-45.24,nanortalik,gl,41.41,41.41,77,100,10.74
43.08,-2.51,udala,in,48.63,48.99,98,100,4
60.42,134.53,ust-maya,ru,38.17,38.17,94,100,5.91
-31.54,-68.54,san juan,us,57.76,57.76,36,0,5.97
56.06044644496336,162.60003082767184,ust-kamchatsk,ru,,,,,
68.5,14.83,melbu,no,33.01,33.01,81,100,1.99
-8.61,120.47,ruteng,id,75.56,75.56,65,4,2.55
33.67,-95.58,lamar,us,62.76,64.4,88,1,9.17
-45.87,170.5,dunedin,nz,59,59,57,0,5.99
-7.26,-34.91,conde,br,77,77,94,20,6.96
13.64,16.49,moussoro,td,89.78,89.78,35,65,7.61
-22.67,167.48,vao,nc,71.15,71.15,73,32,19.42
41.29,1.25,valls,es,60.03,61,93,100,2.24
70.37,31.11,vardo,no,33.78,33.78,87,0,14.85
64.07,11.22,malm,no,33.82,34,93,75,16.11
66.04,-17.34,husavik,is,37.4,37.4,74,75,5.82
-2.02,147.27,lorengau,pg,81.07,81.07,83,96,10.31
6.12,81.12,hambantota,lk,77,77,100,75,2.24
2.5086555313037877,178.50748634114518,rungata,ki,,,,,
-20.12,16.15,outjo,na,58.01,58.01,48,10,4.45
52.65,8.12,dinklage,de,40.28,41,86,0,3.36
-32.5,137.77,port augusta,au,59.76,60.01,72,5,10.29
33.6,-101.83,lubbock,us,64.4,64.4,68,20,23.04
18.22,-63.06,the valley,ai,80.53,81,74,20,12.75
-11.634288197017241,133.0759412796454,jabiru,au,,,,,
58.52,-117.14,high level,ca,66.2,66.2,19,40,4.7
39.62,15.86,belvedere marittimo,it,56.01,57,46,0,4.27
-15.2,12.15,namibe,ao,75.4,75.4,56,13,7.52
5.95,80.54,matara,lk,80.06,80.06,82,100,3.51
68.12,13.5,gravdal,no,33.87,33.87,85,100,14.16
21.09,-87.45,kantunilkin,mx,80.29,80.6,83,75,5.82
5.89,95.32,sabang,id,82.89,82.89,77,53,6.33
4.31,22.56,ouango,cf,71.8,71.8,97,100,3.51
20.5,-10.07,adrar,dz,80.33,80.33,18,0,10.42
20.89,-156.47,kahului,us,76.95,82.4,61,75,18.34
64.89,-23.71,olafsvik,is,40.64,40.64,82,100,9.91
-35.33,-72.42,constitucion,mx,53.15,53.15,66,0,7.56
12.18,125.51,san policarpo,ph,83.3,83.3,82,100,10.09
18.63,-91.83,carmen,mx,82.4,82.4,78,40,16.11
-8.62,122.21,maumere,id,84.88,84.88,63,67,4.79
59.36,5.22,visnes,no,37.13,39.2,69,0,14.99
22.57,59.53,sur,om,82.72,82.72,73,0,8.77
50.1,128.05,tambovka,ru,57.2,57.2,24,20,8.95
63.84,-22.43,grindavik,is,39.2,39.2,80,90,11.41
35.16,112.86,xixiang,cn,82.56,82.56,22,36,7.34
40.46,-90.67,macomb,us,56.52,57.2,47,40,10.29
30.05,-98.03,hays,us,64.99,64.99,97,88,3
49.74,84.27,zyryanovsk,kz,63.68,63.68,57,0,1.7
-33.75,-61.97,venado tuerto,ar,50,50,70,50,1.99
-13.2,49.05,ambilobe,mg,69.69,69.69,90,100,3.2
33.57,-84.41,riverdale,us,66.61,69.8,37,40,3.36
-6.180176880287689,176.33112136598692,lolua,tv,,,,,
41.57,35.91,bafra,tr,55.4,55.4,87,0,5.82
-17.146551493747808,136.12930078616432,ngukurr,au,,,,,
-14.9,50.28,antalaha,mg,70.99,70.99,87,94,7.34
64.84,-147.72,fairbanks,us,55.65,57.2,62,75,3.36
60.47,166.1,tilichiki,ru,32.94,32.94,100,63,5.14
-34.73,135.87,port lincoln,au,58.08,58.08,51,42,10.96
40.29,38.42,sebinkarahisar,tr,52.14,52.14,65,0,1.3
-38.55,-58.74,necochea,ar,46.99,46.99,83,49,8.16
7.53,-12.51,bonthe,sl,80.1,80.1,85,99,4.94
-21.64,-41.05,sao joao da barra,br,72.09,72.09,86,87,12.95
-23.78,-45.36,ilhabela,br,69.85,69.85,69,2,2.98
27.20224874580832,48.90473651837297,safwah,sa,,,,,
46.42,3.91,saint-francois,gp,50,50,81,90,4.7
-10.93,35.02,mbinga,tz,66.2,66.2,88,5,1.16
57.03,29.33,novorzhev,ru,28.49,28.49,98,0,5.82
28.65,70.66,khanpur,in,84,84,47,90,15.23
-16.66,-48.61,silvania,br,63.41,69.8,87,1,3.36
40.77,-72.85,mastic beach,us,49.62,51.01,31,20,4.7
66.77,123.37,zhigansk,ru,31.26,31.26,97,93,12.64
2.557925016142093,43.452104339368304,dinsor,so,,,,,
69.23,17.98,finnsnes,no,28.18,28.4,79,97,14.99
48.76,-91.62,atikokan,ca,36.63,36.63,67,0,3.69
-21.48,-56.14,jardim,br,71.11,71.11,97,94,2.37
0.52,25.2,kisangani,cd,71.15,71.15,96,100,1.79
-11.1,-77.61,hualmay,pe,67.32,67.32,83,47,7.87
4.93,-52.33,cayenne,gf,77,77,100,75,3.36
54.02,-124.02,vanderhoof,ca,65.41,65.41,28,0,2.19
-46.13,167.68,tuatapere,nz,54.55,54.55,47,0,2.73
5.38,-52.95,sinnamary,gf,78.1,78.1,89,100,15.55
62.71,56.2,troitsko-pechorsk,ru,54.12,54.12,93,84,7.67
41.77,34.87,sinop,tr,59.18,59.18,44,0,5.82
14.0,-11.0,kayes,ml,93.2,93.2,32,36,4.7
-36.78,-59.86,azul,ar,48.15,48.15,60,50,4.7
41.14,-73.36,westport,nz,48.63,51.8,27,20,4.7
67.86,20.23,kiruna,se,24.8,24.8,68,70,5.82
60.38,92.63,teya,ru,46.94,46.94,60,100,6.42
-6.22,-57.75,jacareacanga,br,74.88,74.88,95,77,0.6
39.27,141.88,kamaishi,jp,69.8,69.8,49,75,10.29
39.25,9.18,quartucciu,it,69.98,71.6,53,25,23.04
-5.413189899645971,-172.23399051249334,saleaula,ws,,,,,
60.31,54.32,gayny,ru,50.65,50.65,93,73,8.16
-26.75,-55.27,edelira,py,65.14,65.14,99,100,4.72
41.12,80.26,aksu,cn,73.22,73.22,21,43,5.84
66.0,111.5,aykhal,ru,23,23,73,90,6.71
32.79,-79.86,mount pleasant,us,60.01,63,67,1,4.76
-5.79,-35.21,natal,br,75.2,75.2,100,1,4.7
11.75,-2.93,boromo,bf,88.3,88.3,43,100,6.42
13.59,-89.83,acajutla,sv,80.01,80.01,84,84,1.99
29.95,-91.75,iberia,pe,74.62,75.2,69,1,6.93
35.13,140.3,katsuura,jp,78.37,78.8,44,20,14.99
57.31,88.17,teguldet,ru,65.89,65.89,40,100,3.4
48.425165223433964,62.13874825928838,kazalinsk,kz,,,,,
49.17,10.33,feuchtwangen,de,36,39.2,100,20,2.19
50.23,-63.6,havre-saint-pierre,ca,41,41,80,90,9.17
-9.01,-35.22,maragogi,br,77.59,77.59,86,19,5.19
-15.77,128.73,kununurra,au,80.6,80.6,18,48,9.17
-10.75,-77.77,barranca,pe,65.89,65.89,88,66,5.35
42.42,-122.83,jackson,us,58.51,60.8,48,75,9.17
3.728980947163336,76.14664745968702,felidhoo,mv,,,,,
59.33,14.52,karlskoga,se,35.4,37.4,93,100,10.29
35.08,109.09,tongchuan,cn,70.05,70.05,28,100,7.94
36.19,117.66,laiwu,cn,74.61,74.61,40,0,12.62
32.69,128.84,fukue,jp,68,68,42,0,19.46
2.04,45.34,mogadishu,so,79.56,79.56,85,100,17.29
-35.17,173.17,ahipara,nz,66.27,66.27,63,100,10.87
-14.27,50.17,sambava,mg,72.61,72.61,87,99,10.33
8.0,124.29,marawi,sd,84,84,79,88,3
-31.95,141.43,broken hill,au,57.2,57.2,62,0,14.99
8.41,48.48,garowe,so,80.76,80.76,71,0,6.11
-2.5397384572233506,176.28269083125224,ijaki,ki,,,,,
42.59,-82.92,clinton,us,41.52,42.8,73,20,16.11
-15.35,-48.5,padre bernardo,br,64.9,64.9,82,9,3.06
13.22,-59.52,bathsheba,bb,80.6,80.6,69,20,23.04
32.69,47.27,dehloran,ir,75.83,75.83,21,0,8.08
44.7,11.81,portomaggiore,it,53.67,54,84,55,1.01
-7.95,110.28,bambanglipuro,id,84.33,84.33,71,23,12.86
32.38,15.09,misratah,ly,68.61,68.61,74,17,15.68
63.9,122.76,kysyl-syr,ru,33.67,33.67,89,100,7.14
18.73,-103.68,coahuayana,mx,74.52,74.52,82,49,1.92
25.26,63.47,pasni,pk,81.46,81.46,89,1,4.61
60.9,131.96,amga,ru,36.99,36.99,92,100,3.2
64.18,-51.72,nuuk,gl,41,41,93,100,3.36
35.61110557348158,-0.8369563436528722,wahran,dz,,,,,
-18.65,-173.98,neiafu,to,84.2,84.2,74,75,5.82
65.92577607613538,146.90755863238974,artyk,ru,,,,,
34.06,-117.65,ontario,us,65.89,69.8,56,75,14.99
-21.15,55.28,saint-leu,re,61.68,69.8,60,20,8.05
29.27,82.18,jumla,np,58.89,58.89,49,14,0.76
0.7523714989912946,128.57006203612752,tidore,id,,,,,
-15.86,-38.88,belmonte,br,73.4,73.4,78,75,3.36
-25.3,152.85,hervey bay,au,75,75,60,35,4
57.51,-1.8,peterhead,gb,37.58,41,80,40,9.17
21.47,-158.22,makaha,us,77.92,78.8,69,90,12.75
48.46,-67.43,amqui,ca,32.7,33.8,80,75,11.41
32.08,131.47,shintomi,jp,75.2,75.2,31,87,13.87
10.61,-66.85,caraballeda,ve,73.99,73.99,75,7,3
16.29,119.81,catuday,ph,86.79,86.79,65,5,1.52
28.383909575718818,5.132120743348878,warqla,dz,,,,,
61.95,159.23,evensk,ru,34.05,34.05,92,2,2.98
-28.0,153.43,gold coast,au,72.5,73.99,56,90,3.36
61.51,38.95,kargopol,ru,31.5,31.5,99,100,8.34
3.52,39.06,moyale,et,64.04,64.04,91,71,5.19
43.13,-115.69,mountain home,us,62.6,62.6,29,90,13.87
21.4,-157.74,kailua,us,75.9,80.6,61,90,9.17
61.70905663924188,165.77148879365325,kamenskoye,ru,,,,,
50.72,136.63,solnechnyy,ru,47.34,47.34,85,100,1.48
-4.28,-55.98,itaituba,br,75.47,75.47,96,100,1.54
0.15,29.28,butembo,cd,57.97,57.97,100,100,1.97
27.98,-114.06,guerrero negro,mx,64.94,64.94,70,0,19.64
34.88,132.08,hamada,jp,64.4,64.4,59,20,5.82
38.7,-9.42,cascais,pt,58.62,60.01,87,71,11.18
-1.76,-48.8,ipixuna,br,77,77,100,75,4.7
42.25,-75.83,broome,au,33.35,36,98,90,10.29
44.51,50.26,fort-shevchenko,kz,57.63,57.63,81,97,16.35
27.72,85.32,kathmandu,np,66.2,66.2,82,75,3.91
39.09,17.12,crotone,it,63.59,63.59,53,0,4.5
53.53778516235667,-81.48311563710253,attawapiskat,ca,,,,,
68.05,166.44,bilibino,ru,38.52,38.52,73,0,1.45
-18.12,-63.93,mairana,bo,57.78,57.78,100,94,1.34
20.9,70.37,veraval,in,82.4,82.4,80,0,13.27
-11.38,43.28,mitsamiouli,km,80.65,80.65,74,100,9.35
-24.71,-47.56,iguape,br,69.31,69.31,75,92,5.1
87.12730148515789,-176.5261589843818,mys shmidta,ru,,,,,
-34.57,-59.1,lujan,ar,49.51,53.01,74,27,3.15
-14.25,129.55,port keats,au,84.56,84.56,32,0,12.55
32.32,121.19,juegang,cn,77,77,35,1,1.01
-25.17,46.08,ambovombe,mg,65.39,65.39,84,0,3.87
35.29,-2.94,melilla,es,59.49,60.8,67,2,2.24
27.92,96.17,tezu,in,83.68,83.68,43,99,1.3
44.3867537327358,20.55143438016185,arandelovac,rs,,,,,
36.62,101.77,xining,cn,53.22,53.22,45,69,3.58
34.67,138.95,shimoda,jp,73.4,73.4,69,0,17.22
51.03,-4.22,northam,au,43,43,84,23,7.16
50.73,4.6,wavre,be,37.06,39.2,80,20,2.24
50.09,-97.22,stony mountain,ca,51.58,52,15,75,6.93
19.22,-104.7,san patricio,mx,80.6,80.6,83,20,9.17
-6.34,-37.75,catole do rocha,br,72.52,72.52,93,70,4.21
21.32,-158.01,ewa beach,us,78.01,78.8,65,90,11.41
14.4,46.47,marzuq,ly,78.33,78.33,34,0,1.72
13.78,124.39,gigmoto,ph,85.78,85.78,72,100,7.31
-22.63,-54.82,caarapo,br,68.99,68.99,97,98,7.25
9.27,-3.0,bouna,ci,77.5,77.5,71,48,4.56
9.864496677557511,116.50751351126388,candawaga,ph,,,,,
57.47,31.12,poddorye,ru,27.72,27.72,98,0,6.4
-29.78,-55.79,alegrete,br,64.33,64.33,96,100,10.09
15.12,108.8,quang ngai,vn,89.17,89.17,53,42,4.61
-43.3,-65.1,rawson,ar,47.44,47.44,64,11,14.97
37.01,37.79,nizip,tr,51.8,51.8,87,0,1.12
-6.88,112.21,labuhan,id,83.34,83.34,79,14,7.99
1.0,-52.0,amapa,br,73.27,73.27,98,100,1.99
56.8,59.93,revda,ru,46.4,46.4,93,89,4.99
11.528637633866111,33.88194590684009,galgani,sd,,,,,
5.382969182943626,-84.34258569216135,burica,pa,,,,,
44.39,-68.2,bar harbor,us,38.62,41,64,1,3.36
50.56,58.27,batamshinskiy,kz,46.4,46.4,93,0,6.71
53.58,-116.44,edson,ca,50,50,39,1,8.05
46.68,113.28,baruun-urt,mn,67.96,67.96,25,1,12.62
67.8,130.41,batagay-alyta,ru,27.52,27.52,97,100,3.78
44.61,132.8,spasskoye,ua,53.38,53.38,47,26,11.77
28.89,64.41,dalbandin,pk,79.56,79.56,51,0,6.8
-1.2749417947090507,166.37769195829196,tabiauea,ki,,,,,
-5.2,-35.46,touros,br,75.2,75.2,100,19,4.7
64.5,-165.41,nome,us,43.48,44.6,75,90,21.92
-18.84,-50.12,santa vitoria,br,65.84,65.84,73,83,5.1
55.62,-3.52,biggar,ca,38.71,39.2,64,24,4.7
-7.84,-79.15,chicama,pe,70.77,70.77,76,0,6.44
26.54,-77.06,marsh harbour,bs,74.41,74.41,73,100,21.85
21.64,69.61,porbandar,in,81.81,81.81,82,2,9.93
54.56,42.47,kadom,ru,56.95,56.95,93,100,15.3
36.21,-5.38,san roque,ph,60.8,60.8,77,14,3.36
-21.01,55.27,saint-paul,re,61.97,71.6,64,90,13.87
8.89,-64.25,el tigre,ve,80.8,80.8,64,89,14.72
-12.43,13.55,catumbela,ao,76.17,76.17,77,1,0.98
-7.2,146.65,bulolo,pg,80.19,80.19,70,76,2.86
4.14,96.13,meulaboh,id,80.31,80.31,83,100,5.19
24.47,54.37,abu dhabi,ae,84,84.99,39,0,18.34
42.18,69.88,lenger,kz,62.6,62.6,88,90,2.24
40.16,-8.33,lata,sb,52.39,55.99,92,24,1.99
-9.11,124.89,atambua,id,82.94,82.94,58,78,4.76
33.19,-82.53,avera,pf,60.48,62.6,59,1,4.41
-42.72,170.97,hokitika,nz,57.97,57.97,77,100,3.6
30.19,116.03,huangmei,cn,78.06,78.06,46,68,7.34
1.05,101.28,balaipungut,id,75.2,75.2,94,75,5.82
8.01,-62.4,upata,ve,79,79,87,100,3
40.79,-73.42,melville,ca,51.21,54,25,40,3.36
-20.23,164.02,poum,nc,74.44,74.44,61,0,17.81
67.60332902079435,37.023718871970004,tumannyy,ru,,,,,
-21.55,167.88,tadine,nc,73.54,73.54,64,0,14.47
41.381659981700096,82.2435287047515,kuche,cn,,,,,
41.92,3.16,palafrugell,es,60.96,62.01,50,93,13.29
61.99,5.14,raudeberg,no,34,34,93,92,12.24
45.25,77.98,ushtobe,kz,71.76,71.76,41,0,2.84
-10.07,-78.15,huarmey,pe,67.95,67.95,83,30,7.78
62.0,132.43,churapcha,ru,41.02,41.02,87,100,6.96
50.12,139.15,vysokogornyy,ru,46.27,46.27,78,100,6.13
-19.98,57.61,cap malheureux,mu,73.4,73.4,69,20,8.05
41.72,-8.86,areosa,pt,57.74,57.99,93,20,8.05
37.05,140.88,iwaki,jp,70.79,75.99,52,20,9.17
17.88,102.74,nong khai,th,88.56,91,83,75,4.7
7.04,134.26,kloulklubed,pw,86,86,74,75,3.36
-2.08,101.38,sungaipenuh,id,75.02,75.02,77,100,1.36
57.22,94.9,taseyevo,ru,57.51,57.51,51,100,5.48
13.52,35.77,doka,sd,84.58,84.58,33,36,8.32
35.41,116.58,jining,cn,76.98,76.98,45,0,13.35
64.56,39.83,severodvinsk,ru,33.8,33.8,93,90,6.71
32.12,20.07,benghazi,ly,73.51,73.51,44,62,9.26
17.08,78.2,farrukhnagar,in,77,77,83,20,4.7
12.28,-10.97,dire,ml,83.48,83.48,48,70,1.9
-18.37,21.85,shakawe,bw,57.16,57.16,42,0,2.77
50.83,-0.14,brighton,us,44.01,44.01,70,31,1.01
-34.0,24.73,kruisfontein,za,58.21,58.21,78,64,19.44
12.22,125.48,alugan,ph,83.16,83.16,83,100,9.19
49.24,135.17,litovko,ru,52.95,52.95,68,100,4.43
-31.63,-71.17,illapel,cl,47.57,47.57,71,66,1.32
8.93,8.6,wamba,cd,78.31,78.31,76,65,0.56
-32.88,-68.8,bermejo,bo,53.6,53.6,50,21,3.2
17.49,44.13,najran,sa,78.8,78.8,29,0,5.14
